{
  "jquery": "empty:",
  "jquery-ui": "empty:",
  "bootstrap": "empty:",
  "angular": "empty:",
  "angular-cookies": "empty:",
  "angular-resource": "empty:",
  "angular-sanitize": "empty:",
  "angular-animate": "empty:",
  "domReady": "empty:",
  "angular-ui-router": "empty:",
  "angular-google-maps": "empty:",
  "angular-bootstrap": "empty:",
  "angular-couch-potato": "empty:",
  "angular-easyfb": "empty:",
  "angular-google-plus": "empty:",
  "pace": "empty:",
  "fastclick": "empty:",
  "jquery-color": "empty:",
  "select2": "empty:",
  "summernote": "empty:",
  "he": "empty:",
  "to-markdown": "empty:",
  "markdown": "empty:",
  "bootstrap-markdown": "empty:",
  "ckeditor": "empty:",
  "moment": "empty:",
  "moment-timezone": "empty:",
  "sparkline": "empty:",
  "easy-pie": "empty:",
  "flot": "empty:",
  "flot-resize": "empty:",
  "flot-fillbetween": "empty:",
  "flot-orderBar": "empty:",
  "flot-pie": "empty:",
  "flot-time": "empty:",
  "flot-tooltip": "empty:",
  "raphael": "empty:",
  "morris": "empty:",
  "dygraphs": "empty:",
  "dygraphs-demo": "empty:",
  "chartjs": "empty:",
  "datatables": "empty:",
  "datatables-bootstrap": "empty:",
  "datatables-tools": "empty:",
  "datatables-colvis": "empty:",
  "datatables-responsive": "empty:",
  "jqgrid": "empty:",
  "jqgrid-locale-en": "empty:",
  "jquery-maskedinput": "empty:",
  "jquery-validation": "empty:",
  "jquery-form": "empty:",
  "bootstrap-validator": "empty:",
  "bootstrap-timepicker": "empty:",
  "clockpicker": "empty:",
  "nouislider": "empty:",
  "ionslider": "empty:",
  "bootstrap-duallistbox": "empty:",
  "bootstrap-colorpicker": "empty:",
  "jquery-knob": "empty:",
  "bootstrap-slider": "empty:",
  "bootstrap-tagsinput": "empty:",
  "x-editable": "empty:",
  "fuelux-wizard": "empty:",
  "dropzone": "empty:",
  "jcrop": "empty:",
  "bootstrap-progressbar": "empty:",
  "jquery-nestable": "empty:",
  "superbox": "empty:",
  "jquery-jvectormap": "empty:",
  "jquery-jvectormap-world-mill-en": "empty:",
  "lodash": "empty:",
  "magnific-popup": "empty:",
  "fullcalendar": "empty:",
  "smartwidgets": "empty:",
  "notification": "empty:",
  "socket.io": "empty:",
  "angular-x-editable": "empty:"
}